pilota;indice;primaguida;Scuderia;Tempo;Tempo ora;gp;data
DE_LA_ROSA;1;1;(Arrows);0,0010685532407407;0,0011;AUSTRALIA ;12 marzo 2000
DE_LA_ROSA;1;1;(Arrows);0,0008796527777778;0,0009;BRASILE ;26 marzo 2000
DE_LA_ROSA;1;1;(Arrows);0,0009994097222222;0,0010;SANMARINO;9 aprile 2000
DE_LA_ROSA;1;1;(Arrows);0,0010200810185185;0,0010;GRAN BRETAGNA;23 aprile 2000
DE_LA_ROSA;1;1;(Arrows);0,0009512152777778;0,0010;SPAGNA;7 maggio 2000
DE_LA_ROSA;1;1;(Arrows);0,0009146296296296;0,0009;EUROPA;21 maggio 2000
DE_LA_ROSA;1;1;(Arrows);0,0009471296296296;0,0009;MONACO (MONTECARLO);4 giugno 2000
DE_LA_ROSA;1;1;(Arrows);0,0009249074074074;0,0009;CANADA ;18 giugno 2000
DE_LA_ROSA;1;1;(Arrows);0,0008944328703704;0,0009;FRANCIA;2 luglio 2000
DE_LA_ROSA;1;1;(Arrows);0,0008330787037037;0,0008;AUSTRIA ;16 luglio 2000
DE_LA_ROSA;1;1;(Arrows);0,0012475231481482;0,0012;GERMANIA;30 luglio 2000
DE_LA_ROSA;1;1;(Arrows);0,0009247337962963;0,0009;UNGHERIA ;13 agosto 2000
DE_LA_ROSA;1;1;(Arrows);0,0013106134259259;0,0013;BELGIAN;27 agosto 2000
DE_LA_ROSA;1;1;(Arrows);0,0009816435185185;0,0010;ITALIAN;10 settembre 2000
DE_LA_ROSA;1;1;(Arrows);0,0008812847222222;0,0009;USA ;24 settembre 2000
DE_LA_ROSA;1;1;(Arrows);0,0011302314814815;0,0011;GIAPPONE ;8 ottobre 2000
DE_LA_ROSA;1;1;(Arrows);0,0011509606481482;0,0012;MALESIA ;22 ottobre 2000
VERSTAPPEN;1;;(Arrows);0,0010648148148148;0,0011;AUSTRALIA ;12 marzo 2000
VERSTAPPEN;1;;(Arrows);0,0008762037037037;0,0009;BRASILE ;26 marzo 2000
VERSTAPPEN;1;;(Arrows);0,0010051504629630;0,0010;SANMARINO;9 aprile 2000
VERSTAPPEN;1;;(Arrows);0,0010045486111111;0,0010;GRAN BRETAGNA;23 aprile 2000
VERSTAPPEN;1;;(Arrows);0,0009539467592593;0,0010;SPAGNA;7 maggio 2000
VERSTAPPEN;1;;(Arrows);0,0009165509259259;0,0009;EUROPA;21 maggio 2000
VERSTAPPEN;1;;(Arrows);0,0009460416666667;0,0009;MONACO (MONTECARLO);4 giugno 2000
VERSTAPPEN;1;;(Arrows);0,0009271643518519;0,0009;CANADA ;18 giugno 2000
VERSTAPPEN;1;;(Arrows);0,0009020023148148;0,0009;FRANCIA;2 luglio 2000
VERSTAPPEN;1;;(Arrows);0,0008322337962963;0,0008;AUSTRIA ;16 luglio 2000
VERSTAPPEN;1;;(Arrows);0,0012537152777778;0,0013;GERMANIA;30 luglio 2000
VERSTAPPEN;1;;(Arrows);0,0009329745370370;0,0009;UNGHERIA ;13 agosto 2000
VERSTAPPEN;1;;(Arrows);0,0013184259259259;0,0013;BELGIAN;27 agosto 2000
VERSTAPPEN;1;;(Arrows);0,0009817129629630;0,0010;ITALIAN;10 settembre 2000
VERSTAPPEN;1;;(Arrows);0,0008774074074074;0,0009;USA ;24 settembre 2000
VERSTAPPEN;1;;(Arrows);0,0011304861111111;0,0011;GIAPPONE ;8 ottobre 2000
VERSTAPPEN;1;;(Arrows);0,0011514930555556;0,0012;MALESIA ;22 ottobre 2000
VILLENEUVE;1;1;(BAR);0,0010644444444444;0,0011;AUSTRALIA ;12 marzo 2000
VILLENEUVE;1;1;(BAR);0,0008740162037037;0,0009;BRASILE ;26 marzo 2000
VILLENEUVE;1;1;(BAR);0,0009968055555556;0,0010;SANMARINO;9 aprile 2000
VILLENEUVE;1;1;(BAR);0,0010072337962963;0,0010;GRAN BRETAGNA;23 aprile 2000
VILLENEUVE;1;1;(BAR);0,0009486458333333;0,0009;SPAGNA;7 maggio 2000
VILLENEUVE;1;1;(BAR);0,0009113657407407;0,0009;EUROPA;21 maggio 2000
VILLENEUVE;1;1;(BAR);0,0009473148148148;0,0009;MONACO (MONTECARLO);4 giugno 2000
VILLENEUVE;1;1;(BAR);0,0009206481481481;0,0009;CANADA ;18 giugno 2000
VILLENEUVE;1;1;(BAR);0,0008871875000000;0,0009;FRANCIA;2 luglio 2000
VILLENEUVE;1;1;(BAR);0,0008292708333333;0,0008;AUSTRIA ;16 luglio 2000
VILLENEUVE;1;1;(BAR);0,0012514004629630;0,0013;GERMANIA;30 luglio 2000
VILLENEUVE;1;1;(BAR);0,0009251967592593;0,0009;UNGHERIA ;13 agosto 2000
VILLENEUVE;1;1;(BAR);0,0012939699074074;0,0013;BELGIAN;27 agosto 2000
VILLENEUVE;1;1;(BAR);0,0009749768518519;0,0010;ITALIAN;10 settembre 2000
VILLENEUVE;1;1;(BAR);0,0008717245370370;0,0009;USA ;24 settembre 2000
VILLENEUVE;1;1;(BAR);0,0011257754629630;0,0011;GIAPPONE ;8 ottobre 2000
VILLENEUVE;1;1;(BAR);0,0011418171296296;0,0011;MALESIA ;22 ottobre 2000
ZONTA;1;;(BAR);0,0010777430555556;0,0011;AUSTRALIA ;12 marzo 2000
ZONTA;1;;(BAR);0,0008736574074074;0,0009;BRASILE ;26 marzo 2000
ZONTA;1;;(BAR);0,0010047916666667;0,0010;SANMARINO;9 aprile 2000
ZONTA;1;;(BAR);0,0010158796296296;0,0010;GRAN BRETAGNA;23 aprile 2000
ZONTA;1;;(BAR);0,0009592824074074;0,0010;SPAGNA;7 maggio 2000
ZONTA;1;;(BAR);0,0009232175925926;0,0009;EUROPA;21 maggio 2000
ZONTA;1;;(BAR);0,0009528240740741;0,0010;MONACO (MONTECARLO);4 giugno 2000
ZONTA;1;;(BAR);0,0009229398148148;0,0009;CANADA ;18 giugno 2000
ZONTA;1;;(BAR);0,0008989351851852;0,0009;FRANCIA;2 luglio 2000
ZONTA;1;;(BAR);0,0008292476851852;0,0008;AUSTRIA ;16 luglio 2000
ZONTA;1;;(BAR);0,0012576967592593;0,0013;GERMANIA;30 luglio 2000
ZONTA;1;;(BAR);0,0009290740740741;0,0009;UNGHERIA ;13 agosto 2000
ZONTA;1;;(BAR);0,0013078935185185;0,0013;BELGIAN;27 agosto 2000
ZONTA;1;;(BAR);0,0009876967592593;0,0010;ITALIAN;10 settembre 2000
ZONTA;1;;(BAR);0,0008771296296296;0,0009;USA ;24 settembre 2000
ZONTA;1;;(BAR);0,0011373726851852;0,0011;GIAPPONE ;8 ottobre 2000
ZONTA;1;;(BAR);0,0011476620370370;0,0011;MALESIA ;22 ottobre 2000
FISICHELLA;1;1;(Benetton);0,0010647222222222;0,0011;AUSTRALIA ;12 marzo 2000
FISICHELLA;1;1;(Benetton);0,0008723958333333;0,0009;BRASILE ;26 marzo 2000
FISICHELLA;1;1;(Benetton);0,0010098726851852;0,0010;SANMARINO;9 aprile 2000
FISICHELLA;1;1;(Benetton);0,0010098726851852;0,0010;GRAN BRETAGNA;23 aprile 2000
FISICHELLA;1;1;(Benetton);0,0009556597222222;0,0010;SPAGNA;7 maggio 2000
FISICHELLA;1;1;(Benetton);0,0009108449074074;0,0009;EUROPA;21 maggio 2000
FISICHELLA;1;1;(Benetton);0,0009340625000000;0,0009;MONACO (MONTECARLO);4 giugno 2000
FISICHELLA;1;1;(Benetton);0,0009251388888889;0,0009;CANADA ;18 giugno 2000
FISICHELLA;1;1;(Benetton);0,0008948726851852;0,0009;FRANCIA;2 luglio 2000
FISICHELLA;1;1;(Benetton);0,0008293750000000;0,0008;AUSTRIA ;16 luglio 2000
FISICHELLA;1;1;(Benetton);0,0012399305555556;0,0012;GERMANIA;30 luglio 2000
FISICHELLA;1;1;(Benetton);0,0009098032407407;0,0009;UNGHERIA ;13 agosto 2000
FISICHELLA;1;1;(Benetton);0,0013050462962963;0,0013;BELGIAN;27 agosto 2000
FISICHELLA;1;1;(Benetton);0,0009813541666667;0,0010;ITALIAN;10 settembre 2000
FISICHELLA;1;1;(Benetton);0,0008785532407407;0,0009;USA ;24 settembre 2000
FISICHELLA;1;1;(Benetton);0,0011282291666667;0,0011;GIAPPONE ;8 ottobre 2000
FISICHELLA;1;1;(Benetton);0,0011503125000000;0,0012;MALESIA ;22 ottobre 2000
WURZ;1;;(Benetton);0,0010737847222222;0,0011;AUSTRALIA ;12 marzo 2000
WURZ;1;;(Benetton);0,0008757407407407;0,0009;BRASILE ;26 marzo 2000
WURZ;1;;(Benetton);0,0009986226851852;0,0010;SANMARINO;9 aprile 2000
WURZ;1;;(Benetton);0,0010208912037037;0,0010;GRAN BRETAGNA;23 aprile 2000
WURZ;1;;(Benetton);0,0009607638888889;0,0010;SPAGNA;7 maggio 2000
WURZ;1;;(Benetton);0,0009187268518519;0,0009;EUROPA;21 maggio 2000
WURZ;1;;(Benetton);0,0009360069444444;0,0009;MONACO (MONTECARLO);4 giugno 2000
WURZ;1;;(Benetton);0,0009272337962963;0,0009;CANADA ;18 giugno 2000
WURZ;1;;(Benetton);0,0008959259259259;0,0009;FRANCIA;2 luglio 2000
WURZ;1;;(Benetton);0,0008337731481481;0,0008;AUSTRIA ;16 luglio 2000
WURZ;1;;(Benetton);0,0012504282407407;0,0013;GERMANIA;30 luglio 2000
WURZ;1;;(Benetton);0,0009204745370370;0,0009;UNGHERIA ;13 agosto 2000
WURZ;1;;(Benetton);0,0013125347222222;0,0013;BELGIAN;27 agosto 2000
WURZ;1;;(Benetton);0,0009855324074074;0,0010;ITALIAN;10 settembre 2000
WURZ;1;;(Benetton);0,0008768750000000;0,0009;USA ;24 settembre 2000
WURZ;1;;(Benetton);0,0011267129629630;0,0011;GIAPPONE ;8 ottobre 2000
WURZ;1;;(Benetton);0,0011417129629630;0,0011;MALESIA ;22 ottobre 2000
DINIZ;0;;(Bra/Sauber-Petronas) ;0,0010209606481482;0,0010;GRAN BRETAGNA;23 aprile 2000
DINIZ;0;;(Bra/Sauber-Petronas) ;0,0009192361111111;0,0009;EUROPA;21 maggio 2000
DINIZ;0;;(Bra/Sauber-Petronas) ;0,0009506481481481;0,0010;MONACO (MONTECARLO);4 giugno 2000
BARRICHELLO;1;;(Ferrari);0,0010544212962963;0,0011;AUSTRALIA ;12 marzo 2000
BARRICHELLO;1;;(Ferrari);0,0008638425925926;0,0009;BRASILE ;26 marzo 2000
BARRICHELLO;1;;(Ferrari);0,0009865972222222;0,0010;SANMARINO;9 aprile 2000
BARRICHELLO;1;;(Ferrari);0,0009919328703704;0,0010;GRAN BRETAGNA;23 aprile 2000
BARRICHELLO;1;;(Ferrari);0,0009423148148148;0,0009;SPAGNA;7 maggio 2000
BARRICHELLO;1;;(Ferrari);0,0009054050925926;0,0009;EUROPA;21 maggio 2000
BARRICHELLO;1;;(Ferrari);0,0009307407407407;0,0009;MONACO (MONTECARLO);4 giugno 2000
BARRICHELLO;1;;(Ferrari);0,0009120486111111;0,0009;CANADA ;18 giugno 2000
BARRICHELLO;1;;(Ferrari);0,0008801736111111;0,0009;FRANCIA;2 luglio 2000
BARRICHELLO;1;;(Ferrari);0,0008199537037037;0,0008;AUSTRIA ;16 luglio 2000
BARRICHELLO;1;;(Ferrari);0,0012678703703704;0,0013;GERMANIA;30 luglio 2000
BARRICHELLO;1;;(Ferrari);0,0009065972222222;0,0009;UNGHERIA ;13 agosto 2000
BARRICHELLO;1;;(Ferrari);0,0013014351851852;0,0013;BELGIAN;27 agosto 2000
BARRICHELLO;1;;(Ferrari);0,0009698726851852;0,0010;ITALIAN;10 settembre 2000
BARRICHELLO;1;;(Ferrari);0,0008634259259259;0,0009;USA ;24 settembre 2000
BARRICHELLO;1;;(Ferrari);0,0011149305555556;0,0011;GIAPPONE ;8 ottobre 2000
BARRICHELLO;1;;(Ferrari);0,0011330555555556;0,0011;MALESIA ;22 ottobre 2000
M.SCHUMACHER;1;1;(Ferrari);0,0010541087962963;0,0011;AUSTRALIA ;12 marzo 2000
M.SCHUMACHER;1;1;(Ferrari);0,0008623611111111;0,0009;BRASILE ;26 marzo 2000
M.SCHUMACHER;1;1;(Ferrari);0,0009815393518519;0,0010;SANMARINO;9 aprile 2000
M.SCHUMACHER;1;1;(Ferrari);0,0009972337962963;0,0010;GRAN BRETAGNA;23 aprile 2000
M.SCHUMACHER;1;1;(Ferrari);0,0009371990740741;0,0009;SPAGNA;7 maggio 2000
M.SCHUMACHER;1;1;(Ferrari);0,0008989236111111;0,0009;EUROPA;21 maggio 2000
M.SCHUMACHER;1;1;(Ferrari);0,0009198495370370;0,0009;MONACO (MONTECARLO);4 giugno 2000
M.SCHUMACHER;1;1;(Ferrari);0,0009078587962963;0,0009;CANADA ;18 giugno 2000
M.SCHUMACHER;1;1;(Ferrari);0,0008753703703704;0,0009;FRANCIA;2 luglio 2000
M.SCHUMACHER;1;1;(Ferrari);0,0008222916666667;0,0008;AUSTRIA ;16 luglio 2000
M.SCHUMACHER;1;1;(Ferrari);0,0012391550925926;0,0012;GERMANIA;30 luglio 2000
M.SCHUMACHER;1;1;(Ferrari);0,0008971527777778;0,0009;UNGHERIA ;13 agosto 2000
M.SCHUMACHER;1;1;(Ferrari);0,0012911111111111;0,0013;BELGIAN;27 agosto 2000
M.SCHUMACHER;1;1;(Ferrari);0,0009695601851852;0,0010;ITALIAN;10 settembre 2000
M.SCHUMACHER;1;1;(Ferrari);0,0008595601851852;0,0009;USA ;24 settembre 2000
M.SCHUMACHER;1;1;(Ferrari);0,0011090856481482;0,0011;GIAPPONE ;8 ottobre 2000
M.SCHUMACHER;1;1;(Ferrari);0,0011272800925926;0,0011;MALESIA ;22 ottobre 2000
HERBERT;1;1;(Jaguar);0,0010837731481482;0,0011;AUSTRALIA ;12 marzo 2000
HERBERT;1;1;(Jaguar);0,0008825231481481;0,0009;BRASILE ;26 marzo 2000
HERBERT;1;1;(Jaguar);0,0010075347222222;0,0010;SANMARINO;9 aprile 2000
HERBERT;1;1;(Jaguar);0,0010122800925926;0,0010;GRAN BRETAGNA;23 aprile 2000
HERBERT;1;1;(Jaguar);0,0009581134259259;0,0010;SPAGNA;7 maggio 2000
HERBERT;1;1;(Jaguar);0,0009217361111111;0,0009;EUROPA;21 maggio 2000
HERBERT;1;1;(Jaguar);0,0009350925925926;0,0009;MONACO (MONTECARLO);4 giugno 2000
HERBERT;1;1;(Jaguar);0,0009253935185185;0,0009;CANADA ;18 giugno 2000
HERBERT;1;1;(Jaguar);0,0008932407407407;0,0009;FRANCIA;2 luglio 2000
HERBERT;1;1;(Jaguar);0,0008360879629630;0,0008;AUSTRIA ;16 luglio 2000
HERBERT;1;1;(Jaguar);0,0012509027777778;0,0013;GERMANIA;30 luglio 2000
HERBERT;1;1;(Jaguar);0,0009254166666667;0,0009;UNGHERIA ;13 agosto 2000
HERBERT;1;1;(Jaguar);0,0012990972222222;0,0013;BELGIAN;27 agosto 2000
HERBERT;1;1;(Jaguar);0,0009882870370370;0,0010;ITALIAN;10 settembre 2000
HERBERT;1;1;(Jaguar);0,0008822337962963;0,0009;USA ;24 settembre 2000
HERBERT;1;1;(Jaguar);0,0011264930555556;0,0011;GIAPPONE ;8 ottobre 2000
HERBERT;1;1;(Jaguar);0,0011496643518519;0,0011;MALESIA ;22 ottobre 2000
IRVINE;0;;(Jaguar);0,0010591898148148;0,0011;AUSTRALIA ;12 marzo 2000
IRVINE;0;;(Jaguar);0,0008729745370370;0,0009;BRASILE ;26 marzo 2000
IRVINE;0;;(Jaguar);0,0009945486111111;0,0010;SANMARINO;9 aprile 2000
IRVINE;0;;(Jaguar);0,0010048379629630;0,0010;GRAN BRETAGNA;23 aprile 2000
IRVINE;0;;(Jaguar);0,0009533564814815;0,0010;SPAGNA;7 maggio 2000
IRVINE;0;;(Jaguar);0,0009109143518519;0,0009;EUROPA;21 maggio 2000
IRVINE;0;;(Jaguar);0,0009345254629630;0,0009;MONACO (MONTECARLO);4 giugno 2000
IRVINE;0;;(Jaguar);0,0009317129629630;0,0009;CANADA ;18 giugno 2000
IRVINE;0;;(Jaguar);0,0008842476851852;0,0009;FRANCIA;2 luglio 2000
IRVINE;0;;(Jaguar);0,0012535300925926;0,0013;GERMANIA;30 luglio 2000
IRVINE;0;;(Jaguar);0,0009144444444444;0,0009;UNGHERIA ;13 agosto 2000
IRVINE;0;;(Jaguar);0,0013065393518519;0,0013;BELGIAN;27 agosto 2000
IRVINE;0;;(Jaguar);0,0009867013888889;0,0010;ITALIAN;10 settembre 2000
IRVINE;0;;(Jaguar);0,0008807638888889;0,0009;USA ;24 settembre 2000
IRVINE;0;;(Jaguar);0,0011215162037037;0,0011;GIAPPONE ;8 ottobre 2000
IRVINE;0;;(Jaguar);0,0011423148148148;0,0011;MALESIA ;22 ottobre 2000
FRENTZEN;1;;(Jordan);0,0010573958333333;0,0011;AUSTRALIA ;12 marzo 2000
FRENTZEN;1;;(Jordan);0,0008733217592593;0,0009;BRASILE ;26 marzo 2000
FRENTZEN;1;;(Jordan);0,0009941203703704;0,0010;SANMARINO;9 aprile 2000
FRENTZEN;1;;(Jordan);0,0009919675925926;0,0010;GRAN BRETAGNA;23 aprile 2000
FRENTZEN;1;;(Jordan);0,0009506365740741;0,0010;SPAGNA;7 maggio 2000
FRENTZEN;1;;(Jordan);0,0009123842592593;0,0009;EUROPA;21 maggio 2000
FRENTZEN;1;;(Jordan);0,0009254745370370;0,0009;MONACO (MONTECARLO);4 giugno 2000
FRENTZEN;1;;(Jordan);0,0009199421296296;0,0009;CANADA ;18 giugno 2000
FRENTZEN;1;;(Jordan);0,0008872453703704;0,0009;FRANCIA;2 luglio 2000
FRENTZEN;1;;(Jordan);0,0008338310185185;0,0008;AUSTRIA ;16 luglio 2000
FRENTZEN;1;;(Jordan);0,0012648148148148;0,0013;GERMANIA;30 luglio 2000
FRENTZEN;1;;(Jordan);0,0009088310185185;0,0009;UNGHERIA ;13 agosto 2000
FRENTZEN;1;;(Jordan);0,0012954398148148;0,0013;BELGIAN;27 agosto 2000
FRENTZEN;1;;(Jordan);0,0009813194444444;0,0010;ITALIAN;10 settembre 2000
FRENTZEN;1;;(Jordan);0,0008688310185185;0,0009;USA ;24 settembre 2000
FRENTZEN;1;;(Jordan);0,0011254976851852;0,0011;GIAPPONE ;8 ottobre 2000
FRENTZEN;1;;(Jordan);0,0011456944444444;0,0011;MALESIA ;22 ottobre 2000
TRULLI;1;1;(Jordan);0,0010590740740741;0,0011;AUSTRALIA ;12 marzo 2000
TRULLI;1;1;(Jordan);0,0008753125000000;0,0009;BRASILE ;26 marzo 2000
TRULLI;1;1;(Jordan);0,0009953935185185;0,0010;SANMARINO;9 aprile 2000
TRULLI;1;1;(Jordan);0,0010088425925926;0,0010;GRAN BRETAGNA;23 aprile 2000
TRULLI;1;1;(Jordan);0,0009491435185185;0,0009;SPAGNA;7 maggio 2000
TRULLI;1;1;(Jordan);0,0009109027777778;0,0009;EUROPA;21 maggio 2000
TRULLI;1;1;(Jordan);0,0009229861111111;0,0009;MONACO (MONTECARLO);4 giugno 2000
TRULLI;1;1;(Jordan);0,0009210763888889;0,0009;CANADA ;18 giugno 2000
TRULLI;1;1;(Jordan);0,0008873726851852;0,0009;FRANCIA;2 luglio 2000
TRULLI;1;1;(Jordan);0,0008291666666667;0,0008;AUSTRIA ;16 luglio 2000
TRULLI;1;1;(Jordan);0,0012480671296296;0,0012;GERMANIA;30 luglio 2000
TRULLI;1;1;(Jordan);0,0009174305555556;0,0009;UNGHERIA ;13 agosto 2000
TRULLI;1;1;(Jordan);0,0012895717592593;0,0013;BELGIAN;27 agosto 2000
TRULLI;1;1;(Jordan);0,0009777430555556;0,0010;ITALIAN;10 settembre 2000
TRULLI;1;1;(Jordan);0,0008681250000000;0,0009;USA ;24 settembre 2000
TRULLI;1;1;(Jordan);0,0011305439814815;0,0011;GIAPPONE ;8 ottobre 2000
TRULLI;1;1;(Jordan);0,0011447800925926;0,0011;MALESIA ;22 ottobre 2000
COULTHARD;1;;(McLaren);0,0010521990740741;0,0011;AUSTRALIA ;12 marzo 2000
COULTHARD;1;;(McLaren);0,0008597800925926;0,0009;BRASILE ;26 marzo 2000
COULTHARD;1;;(McLaren);0,0009839583333333;0,0010;SANMARINO;9 aprile 2000
COULTHARD;1;;(McLaren);0,0009963888888889;0,0010;GRAN BRETAGNA;23 aprile 2000
COULTHARD;1;;(McLaren);0,0009423842592593;0,0009;SPAGNA;7 maggio 2000
COULTHARD;1;;(McLaren);0,0008973263888889;0,0009;EUROPA;21 maggio 2000
COULTHARD;1;;(McLaren);0,0009246296296296;0,0009;MONACO (MONTECARLO);4 giugno 2000
COULTHARD;1;;(McLaren);0,0009089930555556;0,0009;CANADA ;18 giugno 2000
COULTHARD;1;;(McLaren);0,0008765509259259;0,0009;FRANCIA;2 luglio 2000
COULTHARD;1;;(McLaren);0,0008193865740741;0,0008;AUSTRIA ;16 luglio 2000
COULTHARD;1;;(McLaren);0,0012233449074074;0,0012;GERMANIA;30 luglio 2000
COULTHARD;1;;(McLaren);0,0009014583333333;0,0009;UNGHERIA ;13 agosto 2000
COULTHARD;1;;(McLaren);0,0012915162037037;0,0013;BELGIAN;27 agosto 2000
COULTHARD;1;;(McLaren);0,0009755787037037;0,0010;ITALIAN;10 settembre 2000
COULTHARD;1;;(McLaren);0,0008610185185185;0,0009;USA ;24 settembre 2000
COULTHARD;1;;(McLaren);0,0011138425925926;0,0011;GIAPPONE ;8 ottobre 2000
COULTHARD;1;;(McLaren);0,0011329745370370;0,0011;MALESIA ;22 ottobre 2000
HAKKINEN;1;1;(McLaren);0,0010481018518519;0,0010;AUSTRALIA ;12 marzo 2000
HAKKINEN;1;1;(McLaren);0,0008577662037037;0,0009;BRASILE ;26 marzo 2000
HAKKINEN;1;1;(McLaren);0,0009804861111111;0,0010;SANMARINO;9 aprile 2000
HAKKINEN;1;1;(McLaren);0,0009923726851852;0,0010;GRAN BRETAGNA;23 aprile 2000
HAKKINEN;1;1;(McLaren);0,0009381018518519;0,0009;SPAGNA;7 maggio 2000
HAKKINEN;1;1;(McLaren);0,0009002893518519;0,0009;EUROPA;21 maggio 2000
HAKKINEN;1;1;(McLaren);0,0009287152777778;0,0009;MONACO (MONTECARLO);4 giugno 2000
HAKKINEN;1;1;(McLaren);0,0009141782407407;0,0009;CANADA ;18 giugno 2000
HAKKINEN;1;1;(McLaren);0,0008802083333333;0,0009;FRANCIA;2 luglio 2000
HAKKINEN;1;1;(McLaren);0,0008149305555556;0,0008;AUSTRIA ;16 luglio 2000
HAKKINEN;1;1;(McLaren);0,0012403009259259;0,0012;GERMANIA;30 luglio 2000
HAKKINEN;1;1;(McLaren);0,0009018750000000;0,0009;UNGHERIA ;13 agosto 2000
HAKKINEN;1;1;(McLaren);0,0012806250000000;0,0013;BELGIAN;27 agosto 2000
HAKKINEN;1;1;(McLaren);0,0009718402777778;0,0010;ITALIAN;10 settembre 2000
HAKKINEN;1;1;(McLaren);0,0008614351851852;0,0009;USA ;24 settembre 2000
HAKKINEN;1;1;(McLaren);0,0011091898148148;0,0011;GIAPPONE ;8 ottobre 2000
HAKKINEN;1;1;(McLaren);0,0011326388888889;0,0011;MALESIA ;22 ottobre 2000
GENE;1;1;(Minardi);0,0010794097222222;0,0011;AUSTRALIA ;12 marzo 2000
GENE;1;1;(Minardi);0,0008840277777778;0,0009;BRASILE ;26 marzo 2000
GENE;1;1;(Minardi);0,0010223726851852;0,0010;SANMARINO;9 aprile 2000
GENE;1;1;(Minardi);0,0010214467592593;0,0010;GRAN BRETAGNA;23 aprile 2000
GENE;1;1;(Minardi);0,0009662731481481;0,0010;SPAGNA;7 maggio 2000
GENE;1;1;(Minardi);0,0009278009259259;0,0009;EUROPA;21 maggio 2000
GENE;1;1;(Minardi);0,0009689930555556;0,0010;MONACO (MONTECARLO);4 giugno 2000
GENE;1;1;(Minardi);0,0009381712962963;0,0009;CANADA ;18 giugno 2000
GENE;1;1;(Minardi);0,0009042824074074;0,0009;FRANCIA;2 luglio 2000
GENE;1;1;(Minardi);0,0008416898148148;0,0008;AUSTRIA ;16 luglio 2000
GENE;1;1;(Minardi);0,0013089583333333;0,0013;GERMANIA;30 luglio 2000
GENE;1;1;(Minardi);0,0009334953703704;0,0009;UNGHERIA ;13 agosto 2000
GENE;1;1;(Minardi);0,0013273148148148;0,0013;BELGIAN;27 agosto 2000
GENE;1;1;(Minardi);0,0009992592592593;0,0010;ITALIAN;10 settembre 2000
GENE;1;1;(Minardi);0,0008930671296296;0,0009;USA ;24 settembre 2000
GENE;1;1;(Minardi);0,0011570833333333;0,0012;GIAPPONE ;8 ottobre 2000
GENE;1;1;(Minardi);0,0011650694444444;0,0012;MALESIA ;22 ottobre 2000
MAZZACANE;1;;(Minardi);0,0010961226851852;0,0011;AUSTRALIA ;12 marzo 2000
MAZZACANE;1;;(Minardi);0,0008971296296296;0,0009;BRASILE ;26 marzo 2000
MAZZACANE;1;;(Minardi);0,0010203819444444;0,0010;SANMARINO;9 aprile 2000
MAZZACANE;1;;(Minardi);0,0010321064814815;0,0010;GRAN BRETAGNA;23 aprile 2000
MAZZACANE;1;;(Minardi);0,0009751967592593;0,0010;SPAGNA;7 maggio 2000
MAZZACANE;1;;(Minardi);0,0009383101851852;0,0009;EUROPA;21 maggio 2000
MAZZACANE;1;;(Minardi);0,0009698379629630;0,0010;MONACO (MONTECARLO);4 giugno 2000
MAZZACANE;1;;(Minardi);0,0009501273148148;0,0010;CANADA ;18 giugno 2000
MAZZACANE;1;;(Minardi);0,0009062731481481;0,0009;FRANCIA;2 luglio 2000
MAZZACANE;1;;(Minardi);0,0008497569444444;0,0008;AUSTRIA ;16 luglio 2000
MAZZACANE;1;;(Minardi);0,0012917939814815;0,0013;GERMANIA;30 luglio 2000
MAZZACANE;1;;(Minardi);0,0009364004629630;0,0009;UNGHERIA ;13 agosto 2000
MAZZACANE;1;;(Minardi);0,0013285185185185;0,0013;BELGIAN;27 agosto 2000
MAZZACANE;1;;(Minardi);0,0010111111111111;0,0010;ITALIAN;10 settembre 2000
MAZZACANE;1;;(Minardi);0,0008889930555556;0,0009;USA ;24 settembre 2000
MAZZACANE;1;;(Minardi);0,0011627546296296;0,0012;GIAPPONE ;8 ottobre 2000
MAZZACANE;1;;(Minardi);0,0011814583333333;0,0012;MALESIA ;22 ottobre 2000
ALESI;1;1;(Prost);0,0010786689814815;0,0011;AUSTRALIA ;12 marzo 2000
ALESI;1;1;(Prost);0,0008763310185185;0,0009;BRASILE ;26 marzo 2000
ALESI;1;1;(Prost);0,0010049074074074;0,0010;SANMARINO;9 aprile 2000
ALESI;1;1;(Prost);0,0010134143518519;0,0010;GRAN BRETAGNA;23 aprile 2000
ALESI;1;1;(Prost);0,0009594212962963;0,0010;SPAGNA;7 maggio 2000
ALESI;1;1;(Prost);0,0009218865740741;0,0009;EUROPA;21 maggio 2000
ALESI;1;1;(Prost);0,0009316435185185;0,0009;MONACO (MONTECARLO);4 giugno 2000
ALESI;1;1;(Prost);0,0009318518518519;0,0009;CANADA ;18 giugno 2000
ALESI;1;1;(Prost);0,0008977893518519;0,0009;FRANCIA;2 luglio 2000
ALESI;1;1;(Prost);0,0008368518518519;0,0008;AUSTRIA ;16 luglio 2000
ALESI;1;1;(Prost);0,0012764930555556;0,0013;GERMANIA;30 luglio 2000
ALESI;1;1;(Prost);0,0009215972222222;0,0009;UNGHERIA ;13 agosto 2000
ALESI;1;1;(Prost);0,0013114467592593;0,0013;BELGIAN;27 agosto 2000
ALESI;1;1;(Prost);0,0009902546296296;0,0010;ITALIAN;10 settembre 2000
ALESI;1;1;(Prost);0,0008850810185185;0,0009;USA ;24 settembre 2000
ALESI;1;1;(Prost);0,0011366782407407;0,0011;GIAPPONE ;8 ottobre 2000
ALESI;1;1;(Prost);0,0011581597222222;0,0012;MALESIA ;22 ottobre 2000
HEIDFELD;0;;(Prost);0,0010766666666667;0,0011;AUSTRALIA ;12 marzo 2000
HEIDFELD;0;;(Prost);0,0008925000000000;0,0009;BRASILE ;26 marzo 2000
HEIDFELD;0;;(Prost);0,0010226967592593;0,0010;SANMARINO;9 aprile 2000
HEIDFELD;0;;(Prost);0,0010162731481482;0,0010;GRAN BRETAGNA;23 aprile 2000
HEIDFELD;0;;(Prost);0,0009610300925926;0,0010;SPAGNA;7 maggio 2000
HEIDFELD;0;;(Prost);0,0000000000000000;Ã¨ stato squalificato dalla giuria;EUROPA;21 maggio 2000
HEIDFELD;0;;(Prost);0,0009492708333333;0,0009;MONACO (MONTECARLO);4 giugno 2000
HEIDFELD;0;;(Prost);0,0009453703703704;0,0009;CANADA ;18 giugno 2000
HEIDFELD;0;;(Prost);0,0008955324074074;0,0009;FRANCIA;2 luglio 2000
HEIDFELD;0;;(Prost);0,0008337615740741;0,0008;AUSTRIA ;16 luglio 2000
HEIDFELD;0;;(Prost);0,0012579861111111;0,0013;GERMANIA;30 luglio 2000
HEIDFELD;0;;(Prost);0,0009314930555556;0,0009;UNGHERIA ;13 agosto 2000
HEIDFELD;0;;(Prost);0,0013101041666667;0,0013;BELGIAN;27 agosto 2000
HEIDFELD;0;;(Prost);0,0009910300925926;0,0010;ITALIAN;10 settembre 2000
HEIDFELD;0;;(Prost);0,0008803240740741;0,0009;USA ;24 settembre 2000
HEIDFELD;0;;(Prost);0,0011358912037037;0,0011;GIAPPONE ;8 ottobre 2000
HEIDFELD;0;;(Prost);0,0011591203703704;0,0012;MALESIA ;22 ottobre 2000
DINIZ;0;;(Sauber);0,0010807638888889;0,0011;AUSTRALIA ;12 marzo 2000
DINIZ;0;;(Sauber);0,0009981250000000;0,0010;SANMARINO;9 aprile 2000
DINIZ;0;;(Sauber);0,0009588078703704;0,0010;SPAGNA;7 maggio 2000
DINIZ;0;;(Sauber);0,0009339351851852;0,0009;CANADA ;18 giugno 2000
DINIZ;0;;(Sauber);0,0008953819444444;0,0009;FRANCIA;2 luglio 2000
DINIZ;0;;(Sauber);0,0008325347222222;0,0008;AUSTRIA ;16 luglio 2000
DINIZ;0;;(Sauber);0,0012724074074074;0,0013;GERMANIA;30 luglio 2000
DINIZ;0;;(Sauber);0,0009195717592593;0,0009;UNGHERIA ;13 agosto 2000
DINIZ;0;;(Sauber);0,0013103125000000;0,0013;BELGIAN;27 agosto 2000
DINIZ;0;;(Sauber);0,0009875462962963;0,0010;ITALIAN;10 settembre 2000
DINIZ;0;;(Sauber);0,0008728935185185;0,0009;USA ;24 settembre 2000
DINIZ;0;;(Sauber);0,0011409259259259;0,0011;GIAPPONE ;8 ottobre 2000
DINIZ;0;;(Sauber);0,0011634375000000;0,0012;MALESIA ;22 ottobre 2000
SALO;0;;(Sauber);0,0010650231481482;0,0011;AUSTRALIA ;12 marzo 2000
SALO;0;;(Sauber);0,0009992592592593;0,0010;SANMARINO;9 aprile 2000
SALO;0;;(Sauber);0,0010197916666667;0,0010;GRAN BRETAGNA;23 aprile 2000
SALO;0;;(Sauber);0,0009542013888889;0,0010;SPAGNA;7 maggio 2000
SALO;0;;(Sauber);0,0009237731481481;0,0009;EUROPA;21 maggio 2000
SALO;0;;(Sauber);0,0009439930555556;0,0009;MONACO (MONTECARLO);4 giugno 2000
SALO;0;;(Sauber);0,0009310763888889;0,0009;CANADA ;18 giugno 2000
SALO;0;;(Sauber);0,0008937847222222;0,0009;FRANCIA;2 luglio 2000
SALO;0;;(Sauber);0,0008305671296296;0,0008;AUSTRIA ;16 luglio 2000
SALO;0;;(Sauber);0,0012639351851852;0,0013;GERMANIA;30 luglio 2000
SALO;0;;(Sauber);0,0009114351851852;0,0009;UNGHERIA ;13 agosto 2000
SALO;0;;(Sauber);0,0013120023148148;0,0013;BELGIAN;27 agosto 2000
SALO;0;;(Sauber);0,0009875231481481;0,0010;ITALIAN;10 settembre 2000
SALO;0;;(Sauber);0,0008782523148148;0,0009;USA ;24 settembre 2000
SALO;0;;(Sauber);0,0011399305555556;0,0011;GIAPPONE ;8 ottobre 2000
SALO;0;;(Sauber);0,0011526736111111;0,0012;MALESIA ;22 ottobre 2000
BUTTON;1;;(Williams);0,0010859722222222;0,0011;AUSTRALIA ;12 marzo 2000
BUTTON;1;;(Williams);0,0008737268518519;0,0009;BRASILE ;26 marzo 2000
BUTTON;1;;(Williams);0,0010085069444444;0,0010;SANMARINO;9 aprile 2000
BUTTON;1;;(Williams);0,0010038541666667;0,0010;GRAN BRETAGNA;23 aprile 2000
BUTTON;1;;(Williams);0,0009535300925926;0,0010;SPAGNA;7 maggio 2000
BUTTON;1;;(Williams);0,0009130439814815;0,0009;EUROPA;21 maggio 2000
BUTTON;1;;(Williams);0,0009445023148148;0,0009;MONACO (MONTECARLO);4 giugno 2000
BUTTON;1;;(Williams);0,0009321064814815;0,0009;CANADA ;18 giugno 2000
BUTTON;1;;(Williams);0,0008901041666667;0,0009;FRANCIA;2 luglio 2000
BUTTON;1;;(Williams);0,0008372337962963;0,0008;AUSTRIA ;16 luglio 2000
BUTTON;1;;(Williams);0,0012640625000000;0,0013;GERMANIA;30 luglio 2000
BUTTON;1;;(Williams);0,0009108680555556;0,0009;UNGHERIA ;13 agosto 2000
BUTTON;1;;(Williams);0,0012898611111111;0,0013;BELGIAN;27 agosto 2000
BUTTON;1;;(Williams);0,0009827199074074;0,0010;ITALIAN;10 settembre 2000
BUTTON;1;;(Williams);0,0008682523148148;0,0009;USA ;24 settembre 2000
BUTTON;1;;(Williams);0,0011183796296296;0,0011;GIAPPONE ;8 ottobre 2000
BUTTON;1;;(Williams);0,0011533912037037;0,0012;MALESIA ;22 ottobre 2000
R.SCHUMACHER;1;1;(Williams);0,0010673611111111;0,0011;AUSTRALIA ;12 marzo 2000
R.SCHUMACHER;1;1;(Williams);0,0008745486111111;0,0009;BRASILE ;26 marzo 2000
R.SCHUMACHER;1;1;(Williams);0,0009938773148148;0,0010;SANMARINO;9 aprile 2000
R.SCHUMACHER;1;1;(Williams);0,0010044675925926;0,0010;GRAN BRETAGNA;23 aprile 2000
R.SCHUMACHER;1;1;(Williams);0,0009445023148148;0,0009;SPAGNA;7 maggio 2000
R.SCHUMACHER;1;1;(Williams);0,0009087384259259;0,0009;EUROPA;21 maggio 2000
R.SCHUMACHER;1;1;(Williams);0,0009345138888889;0,0009;MONACO (MONTECARLO);4 giugno 2000
R.SCHUMACHER;1;1;(Williams);0,0009267708333333;0,0009;CANADA ;18 giugno 2000
R.SCHUMACHER;1;1;(Williams);0,0008829976851852;0,0009;FRANCIA;2 luglio 2000
R.SCHUMACHER;1;1;(Williams);0,0008373495370370;0,0008;AUSTRIA ;16 luglio 2000
R.SCHUMACHER;1;1;(Williams);0,0012597337962963;0,0013;GERMANIA;30 luglio 2000
R.SCHUMACHER;1;1;(Williams);0,0009064930555556;0,0009;UNGHERIA ;13 agosto 2000
R.SCHUMACHER;1;1;(Williams);0,0012933217592593;0,0013;BELGIAN;27 agosto 2000
R.SCHUMACHER;1;1;(Williams);0,0009781944444444;0,0010;ITALIAN;10 settembre 2000
R.SCHUMACHER;1;1;(Williams);0,0008736574074074;0,0009;USA ;24 settembre 2000
R.SCHUMACHER;1;1;(Williams);0,0011202314814815;0,0011;GIAPPONE ;8 ottobre 2000
R.SCHUMACHER;1;1;(Williams);0,0011428125000000;0,0011;MALESIA ;22 ottobre 2000
BURTI;0;;Jaguar R1;0,0008428472222222;0,0008;AUSTRIA ;16 luglio 2000
